Datum;Uhrzeit;Ort;Name;Verein
03.01.20;19:00;St. Michael;"Neujahrskonzert ""Colcanto Frankfurt""";Föderverein St. Michael
15.01.20;19:00;Pfarrgemeindezentrum;MGV Kirchenchor;Kirchenchor
26.01.20;15:00;Vereinssaal;Senatorenempfang GCC;GCC 1981 e.V.
31.01.20;18:30;Kastanienhof;Stammtisch HGV;Heimat- u. Geschichtsverein
08.02.20;;Vereinssaal;Schoppe-Gucke-Danse;GCC 1981 e.V.
11.02.20;15:00;Vereinssaal;Kreppelkaffee für Senioren;Stadt Eppstein+GCC 1981 e.V.
16.02.20;15:11;Vereinssaal;Jugend in der Bütt;GCC 1981 e.V.
22.02.20;10:00;Bienrothhalle;Fastnachtsvolleyballturnier;TuS Niederjosbach Volleyball
23.02.20;19:11;Vereinssaal;Prunksitzung;GCC 1981 e.V.
25.02.20;14:11;Straßen+Vereinssaal;Fastnachtsumzug mit After-Zug-Party;GCC 1981 e.V.
26.02.20;19:00;Vereinssaal;Heringsessen;GCC 1981 e.V.
28.02.20;19:00;Vereinssaal;Mitgliederversammlung;Gesangverein Taunusliebe
27.03.20;19:30;Vereinssaal;MGV Heimat- u. Geschichtsverein;Heimat- u. Geschichtsverein
05.04.20;11:00;Schützenraum, UG KiTa Niederjosbach;Palmsonntag-Glücksschießen;Schützenverein Bremthal / Niederjosbach
20.04.20;20:00;Schützenraum;Vereinsringsitzung;VR Niederjosbach
24.04.20;18:30;Kastanienhof;Stammtisch HGV;Heimat- u. Geschichtsverein
01.05.19;11:00;Platz vor u. im Feuerwehrgerätehaus;Frühschoppen (Musik ab 11 Uhr);FFW Niederjosbach
06.05.20;19/20:00;Schützenraum, UG KiTa Niederjosbach;Vereinspokalschießen;Schützenverein Bremthal / Niederjosbach
08.05.20;19/20:00;Schützenraum, UG KiTa Niederjosbach;Vereinspokalschießen;Schützenverein Bremthal / Niederjosbach
13.05.20;19/20:00;Schützenraum, UG KiTa Niederjosbach;Vereinspokalschießen;Schützenverein Bremthal / Niederjosbach
15.05.20;19/20:00;Schützenraum, UG KiTa Niederjosbach;Vereinspokalschießen;Schützenverein Bremthal / Niederjosbach
20.05.20;19/20:00;Schützenraum, UG KiTa Niederjosbach;Vereinspokalschießen;Schützenverein Bremthal / Niederjosbach
21.05.20;11:00;Dorfplatz;Vatertag;Gesangverein Sängerlust
21.05.20;;;Vatertagswanderung;FFW Niederjosbach
21.05.20;;;Vatertagswanderung;Gesangverein Taunusliebe
22.05.20;19/20:00;Schützenraum, UG KiTa Niederjosbach;Vereinspokalschießen;Schützenverein Bremthal / Niederjosbach
05.06.20;;Kirche;Kinder-Musical;Förderverein St. Michael
07.06.20;11:00;Schützenraum, UG KiTa Niederjosbach;Hessischer Frühschoppen mit Siegerehrung Vereinspokalschießen;Schützenverein Bremthal / Niederjosbach
06.06.20;;;Ausflug OGV Niederjosbach;OGV Niederjosbach
20.06.2020 oder;;;Auftritt Kinderchor + Schiffstour in Mainz;Förderverein St. Michael
27.06.20;15:00;Dorfplatz;Dorfplatzfest;Gesangverein Taunusliebe
28.06.20;11:00;Dorfplatz;Dorfplatzfest;Gesangverein Taunusliebe
15.08.2020 oder;;"Hof ""Alte Krone"" Fam. Volp";Sommerfest Heimat- und geschichtsverein;Heimat- u. Geschichtsverein
31.08.20;20:00;Schützenraum;Advenstmarktsitzung;Vereinsring
06.09.20;10:00;Burg;Stadtmesse;Kath. Eppstein
09.09.2020;;Schützenraum, UG KiTa Niederjosbach;Königsschießen;Schützenverein Bremthal / Niederjosbach
11.09.2020;;Schützenraum, UG KiTa Niederjosbach;Königsschießen;Schützenverein Bremthal / Niederjosbach
16.09.20;;Schützenraum, UG KiTa Niederjosbach;Königsschießen;Schützenverein Bremthal / Niederjosbach
18.09.20;;Schützenraum, UG KiTa Niederjosbach;Königsschießen;Schützenverein Bremthal / Niederjosbach
19.10.20;20:00;Schützenraum;Vereinsringsitzung;Vereinsring Njb.
23.10.20;;Schützenraum, UG KiTa Niederjosbach;Königsfeier;Schützenverein Bremthal / Niederjosbach
24.10.20;14:00;Ecke Eppsteinerstr. / Gartenstr.;Dickworzschnitze;Heimat- u. Geschichtsverein
25.10.20;11:00;Vereinssaal;Hobbykünstlermarkt;Hobbykünstler
07.11.20;20:00;Vereinssaal;Musikalischer Abend;Gesangverein Sängerlust
06.11.2020 oder;17:00 Uhr;Kirche;Sankt Martin;KiTa Niederjosbach
06.11.2020 oder;17:30 Uhr;Feuerwehr u. Straßen;Sankt Martin - Umzug ;FFW Niederjosbach
14.11.20;17:11;Vereinssaal;Rathaussturm;GCC 1981 e.V.
15.11.20;10:00;Ehrenmal;Gedenken zum Volkstrauertag;Vereinsring (insb. Sängerlust) + Ortsvorsteherin
21.11.20;18:30;Feuerwehrhaus;Abschlussfeier FFW;FFW Niederjosbach
28.11.20;19:00;Vereinssaal;Unterhaltungsabend mit 1. Aufführung des Theaterstücks;Gesangverein Taunusliebe
29.11.20;15:00;Vereinssaal;Kaffeenachmittag mit 2. Aufführung des Theaterstücks;Gesangverein Taunusliebe
05.12.2020?;15:00;;Nikolausdienst der Feuerwehr?;FFW Niederjosbach
06.12.2020?;15:00;;Nikolausdienst der Feuerwehr?;FFW Niederjosbach
05.12.20;17:00;;Weihnachtsfeier GCC;GCC 1981 e.V.
06.12.20;11:00;Dorfplatz;Adventsmarkt der Vereine;Vereinsring Njb.
06.12.20;15:00;Kirche;Mitsingkonzert;Kirchengemeinde
11.12.20;;Schützenraum;Weihnachtsfeier Schützen;Schützenverein Bremthal / Niederjosbach
11.12.20;18:30;Vereinssaal;Weihnachtsfeier Chor + Helfer;Gesangverein Taunusliebe
12.12.20;15:30;Pfarrzentrum;Adventscafé;OGV Niederjosbach
12.12.20;;Clubheim;Weihnachtsfeier Fußball;TuS Niederjosbach, Abtlg. Fußball
24.12.20;16:00;Kirche;Krippenspiel;Kirchengemeinde
24.12.20;16:30;Feuerwehrgerätehaus;Turmblasen;FFW Niederjosbach